n(u)	nu na n	Then (a mostly-meaningless word used to introduce a new sentence in Hittite. It's known as the "sentence connective".)
=za	=za =z	Self (as in "myself", "yourself", etc; in Hittite, this word is also used any time the main verb in a sentence is "I am" or "you are")	CLIT
=kan	=kan =kkan	[A particle that affects the meaning of the verb in subtle ways. Usually left untranslated.]	CLIT
ešun	ešun ēšta ešer	I was (at a location: dative)	"I was" ešun "it was" ēšta "they were" ešer
taruḫḫun	taruḫḫun	I was able to (when attached to another verb); I overpowered (someone: accusative)
dankui	dankui dankuin dankuwayaš dankuwaz	Dark	NOUN dankui dankuwayaš dankui dankuin dankuwaz
apiya	apiya	There, at that place
ōḫḫun	ōḫḫun	I looked, saw (something: accusative)
ḫarkun	ḫarkun	I had, held (something: accusative)
waššiyanon	waššiyanon	I wore, had on (something: accusative)
pāun	pāun	I went (to a place: dative)
pēda	pēdan pēdaš pēdi pēdaz pēda	Place, location	NOUN pēdan pēdaš pēdi pēdan pēdaz
kuit	kuit	Because
apēdani	apāš apēl apēdani apōn apēz	That	NOUN apāš apēl apēdani apōn apēz
karū	karū	Already
šarraḫḫun	šarraḫḫun	I passed through, crossed (something: accusative)
dāḫḫun	dāḫḫun	Take (something: accusative; from somewhere: ablative)
natta	natta	Not
=an	=an =at	It	"Common gender nom" =aš "Common gender acc" =an "Neuter gender nom/acc" =at
mekki	mekki	Very
nakkiš	nakkiš nakki	Heavy	"Common gender" nakkiš "Neuter gender" nakki
katta	katta	Down (as in katta tēḫḫun, "I put (something) down")
tēḫḫun	tēḫḫun	I put (something: accusative; somewhere: dative)
anda	anda	In(side)
šēr	šēr	On (top of)
āppa	āppa	Back, behind
peran	peran	In front of
kattan	kattan	Underneath
tapušza	tapušza	Next to
ammuk	ūk ammuk ammel ammēdaz	I, me	NOUN ūk ammel ammuk ammuk ammēdaz
wappu	wappuš wappuwaš wappui wappun wappuwaz wappu	Riverbank	NOUN wappuš wappuwaš wappui wappun wappuwaz
ḫapa	ḫapaš ḫapi ḫapan ḫapaz ḫapa	River	NOUN ḫapaš ḫapaš ḫapi ḫapan ḫapaz
wātar	wātar witenaš witeni witenaz	Water	NOUN wātar witenaš witeni wātar witenaz
auri	auriš auriyaš auriya aurin auriyaz auri	Watchtower	NOUN auriš auriyaš auriya aurin auriyaz
āška	āškaš āški āškan āškaz āška	Door, gate	NOUN āškaš āškaš āški āškan āškaz
ḫattalwanza	ḫattalwanza ḫattalwantaš ḫattalwanti ḫattalwantan ḫattalwantaz	Locked, bolted, held shut by something	NOUN ḫattalwanza ḫattalwantaš ḫattalwanti ḫattalwantan ḫattalwantaz
palša	palšaš palši palšan palšaz palša	Road, street, path, journey	NOUN palšaš palšaš palši palšan palšaz
ilan	ilan ilanaš ilani ilanaz	Ladder	NOUN ilan ilanaš ilani ilan ilanaz
kut	kuzza kuttaš kutti kuttan kuttaz kut	Wall	NOUN kuzza kuttaš kutti kuttan kuttaz
ḫalḫaltomar	ḫalḫaltomar ḫalḫaltomaraš ḫalḫaltomari ḫalḫaltomaraz	Corner	NOUN ḫalḫaltomar ḫalḫaltomaraš ḫalḫaltomari ḫalḫaltomar ḫalḫaltomaraz
parku	parku	High
luttāi	luttāi luttiyaš luttiya luttiyaz	Window	NOUN luttāi luttiyaš luttiya luttāi luttiyaz
ḫilammar	ḫilammar ḫilamnaš ḫilamni ḫilamnaz	Gatehouse	NOUN ḫilammar ḫilamnaš ḫilamni ḫilammar ḫilamnaz
É	É	[Building]	DTM
warān	warān warantaš waranti warantaz	Burning, aflame	NOUN warān warantaš waranti warān warantaz
GIŠ	GIŠ	[Made of wood]	DTM
ḫattalu	ḫattalu ḫattaluwaš ḫattaluwi ḫattaluwaz	Door bar (piece of wood put across a door to keep it from opening)	NOUN ḫattalu ḫattaluwaš ḫattaluwi ḫattalu ḫattaluwaz
ḫašḫun	ḫašḫun	I opened (something: accusative)
lukket	lukket	It ignited, caught fire
arkiwi	arkiwiš arkiwaš arkiwi arkiwin arkiwaz	Foyer	NOUN arkiwiš arkiwaš arkiwi arkiwin arkiwaz
ḫašša	ḫaššaš ḫašši ḫaššan ḫaššaz ḫašša	Hearth	NOUN ḫaššaš ḫaššaš ḫašši ḫaššan ḫaššaz
paḫḫur	paḫḫur paḫḫuenaš paḫḫueni paḫḫuenaz	Fire	NOUN paḫḫur paḫḫuenaš paḫḫueni paḫḫur paḫḫuenaz
änza	änza	Hot
DUG	DUG	[Vessel]	DTM
aganni	aganniš aganniyaš aganniya agannin aganniyaz aganni	Cup	NOUN aganniš aganniyaš aganniya agannin aganniyaz
LÚ	LÚ	[Man]	DTM
šuppanza	šuppanza šuppandaš šuppandi šuppandan šuppandaz	Sleeping, asleep	NOUN šuppanza šuppandaš šuppandi šuppandan šuppndaz
ḫalliyatalla	ḫalliyatallaš ḫalliyatalli ḫalliyatallan ḫalliyatallaz ḫalliyatalla	Watchman, guard	NOUN ḫalliyatallaš ḫalliyatallaš ḫalliyatalli ḫalliyatallan ḫalliyatallaz
antaka	antakaš antaki antakan antakaz antaka	Storeroom	NOUN antakaš antakaš antaki antakan antakaz
palḫi	palḫiš palḫaš palḫi palḫin palḫaz palḫi	Pithos (large clay jar)	NOUN palḫiš palḫaš palḫi palḫin palḫaz
kištanunun	kištanunun	I extinguished (something: accusative)
iškiša	iškiša iškišaš iškiši iškišaz	Back room	NOUN iškiša iškišaš iškiši iškiša iškišaz
šuḫḫa	šuḫḫan šuḫḫaš šuḫḫi šuḫḫaz šuḫḫa	Roof	NOUN šuḫḫan šuḫḫaš šuḫḫi šuḫḫan šuḫḫaz
ḫali	ḫali ḫaliyaš ḫaliyaz	Precinct, marked-out area (for a temple, this is the land dedicated to a particular god) - TODO REPLACE	NOUN ḫali ḫaliyaš ḫali ḫali ḫaliyaz
karimmi	karimmi karimnaš karimni karimnaz	Temple	NOUN karimmi karimnaš karimni karimmi karimnaz
šaknuwanza	šaknuwanza	Unclean, not ritually pure
URU	URU	[city]	DTM
KÚR	KÚR	Enemy
Ù	Ù	And (an abbreviation akin to "&" in English)
IM	IM	[direction, wind]	DTM
antuḫša	antuḫšaš antuḫši antuḫšan antuḫšaz antuḫša	Person, human being	NOUN antuḫšaš antuḫšaš antuḫši antuḫšan antuḫšaz
kuenun	kuenun	I slew (someone: accusative; with something: ablative)
[Number]	1 2 3 4 5 6	Like in English, Hittite scribes usually wrote simple symbols for the numbers instead of the full words.
parā	parā	Onward, forth, forward
laḫḫa	laḫḫaš laḫḫi laḫḫan laḫḫaz laḫḫa	Adventure	NOUN laḫḫaš laḫḫaš laḫḫi laḫḫan laḫḫaz
Ḫattušumna	Ḫattušumnaš Ḫattušumni Ḫattušumnan Ḫattušumnaz Ḫattušumna	Hittite (adjective)	NOUN Ḫattušumnaš Ḫattušumnaš Ḫattušumni Ḫattušumnan Ḫattušumnaz
<i>ANA</i>	ANA	To, toward (shorthand for the dative case)
<i>ŠA</i>	ŠA	Of (shorthand for the genitive case)
<i>IŠTU</i>	IŠTU	From (shorthand for the ablative case)
